UserName,Password,FirstName,MiddleName,LastName,UserType,Email,BirthDate,RegisteredDate,LastLoginTime,Photo
hoon,1,Jeonghoon,,Lee,admin,hoon22.lee@gmail.com,1972-12-31,2019-03-01,2019-03-22 11:10,
nataliia,1,Nataliia,,Buchovska,admin,,1985-01-01,2019-03-01,,
olga,1,Olga,,Gorborukova,admin,,1985-01-02,2019-03-01,,
reza,1,Mohammadreza,,Saleh,admin,,1985-01-03,2019-03-01,,
james,1,James,Douglas,Cooper,user,james@gmail.com,1990-01-01,2019-03-02,2019-03-22 12:11,
kaila,1,Kaila,,Cooper,user,,2009-12-03,2019-03-02,,
kate,1,Kate,F.,Wiggin,user,kate.wiggin@hotmail.com,1998-03-04,2019-03-02,2019-03-08 13:10,
wilf,1,Wilfred,S.,Gilbert,user,wilf123@yahoo.com,1966-03-03,2019-03-05,,
edgar,1,Edgar,,Owen,user,edgar@johnabbottcollege.net,1987-02-06,2019-03-08,,
henry,1,Henry,David,Thoreau,user,henry222@gmail.com,1993-10-15,2019-03-11,,
gaston,1,Gaston,,Leroux,user,gaston092@facebook.com,1990-01-01,2019-03-12,,
victor,1,"Victor	",,Leroux,user,gaston092@facebook.com,2006-11-30,2019-03-12,,
alexa,1,Alexandre,,Dumas,user,alexa@gmail.com,1990-03-15,2019-03-13,,
mark,1,Mark,,Dumas,user,alexa@gmail.com,2005-08-17,2019-03-13,,
mary,1,Mary,,Dumas,user,alexa@gmail.com,2008-06-03,2019-03-13,,
